Discordant_nerve_Is RNA present in nerve?,Discordant_nerve_Is protein present in glia?,Discordant_nerve_Is protein present in nerve?,Discordant_nerve_Is RNA present in glia?,Discordant_VNC_Is protein present in neuropil?,Discordant_VNC_Is RNA present in midline glia?,Discordant_VNC_Is RNA present in neuropil?,Discordant_VNC_Is protein present in soma?,Discordant_VNC_Is RNA present in soma?,Discordant_VNC_Is protein present in midline glia?,Discordant_CB_Is protein present in NBs?,Discordant_CB_Is RNA present in anlagen?,Discordant_CB_Is RNA present in other cells?,Discordant_CB_Is protein present in other cells?,Discordant_CB_Is RNA present in NBs?,Discordant_CB_Is protein present in anlagen?,Discordant_MB_Is protein present in MB calyx?,Discordant_MB_Is protein present in Kenyon cell somata?,Discordant_MB_Is RNA present in MB calyx?,Discordant_MB_Is protein present in MB lobes?,Discordant_MB_Is RNA present in Kenyon cell somata?,Discordant_MB_Is RNA present in MB lobes?,Discordant_NMJ_Is RNA present in neuron?,Discordant_NMJ_Is RNA present in post synaptic density?,Discordant_NMJ_Is protein present in neuron?,Discordant_NMJ_Is protein present in muscle?,Discordant_NMJ_Is RNA present in axon terminal?,Discordant_NMJ_Is protein present in post synaptic density?,Discordant_NMJ_Is RNA present in muscle?,Discordant_NMJ_Is protein present in axon terminal?,Discordant_OL_Is RNA present in neuropil?,Discordant_OL_Is protein present in soma?,Discordant_OL_Is protein present in neuropil?,Discordant_OL_Is RNA present in soma?,FBgn_ID,CPTI,gene_name
3,3,2,3,2,2,3,3,3,0,2,3,2,2,3,2,3,3,2,3,3,3,2,2,2,3,3,2,3,3,2,3,2,3,FBgn0052423,CPTI002796,shep
3,2,3,3,3,0,2,2,2,0,2,3,2,2,3,2,3,2,3,3,2,3,3,3,3,2,2,3,2,3,3,3,3,3,FBgn0011224,CPTI002406,heph
3,3,3,2,2,2,3,3,3,2,2,3,2,2,3,2,3,2,3,2,2,3,2,2,3,2,2,3,3,2,3,2,2,3,FBgn0023407,CPTI100035,B4
3,2,3,2,3,2,3,3,3,2,3,2,2,2,3,0,3,2,3,3,2,3,2,3,3,3,2,3,2,3,2,3,3,3,FBgn0029939,CPTI001740,CG9650
3,2,2,3,2,2,3,2,3,2,2,3,2,2,0,2,3,2,3,3,3,3,0,3,2,2,2,3,3,2,2,3,2,3,FBgn0264078,CPTI001427,Flo-2
2,2,2,3,3,0,3,3,3,0,2,2,2,2,2,2,3,3,3,3,3,3,3,2,3,2,3,3,3,3,3,3,3,2,FBgn0000721,CPTI000091,for
3,3,2,3,2,2,2,3,3,0,3,2,2,2,3,2,2,3,3,3,3,3,3,3,3,3,3,3,3,3,3,3,3,3,FBgn0039274,CPTI002443,CG11920
2,2,2,2,3,2,2,3,2,0,3,2,2,2,2,2,3,3,3,2,2,3,2,2,3,2,2,3,3,3,2,3,2,3,FBgn0036337,CPTI004071,Adenok
3,3,2,3,2,0,3,2,2,0,3,3,2,2,3,2,2,3,3,2,2,3,2,2,3,2,3,3,3,3,3,3,3,3,FBgn0261238,CPTI003598,Alh
2,3,3,3,3,2,2,3,2,2,3,3,2,3,2,3,3,2,3,3,2,2,3,2,3,2,2,3,3,3,2,3,3,0,FBgn0264442,CPTI004479,ab
2,3,3,3,3,0,2,3,2,2,3,3,3,2,3,2,3,2,2,3,3,3,2,2,3,2,2,3,3,3,3,3,2,2,FBgn0000053,CPTI003733,ade3
3,2,3,3,2,0,2,3,3,0,3,3,2,2,3,3,2,2,3,3,2,2,3,2,3,3,3,3,3,3,2,3,2,3,FBgn0028343,CPTI000326,Ankle2
3,3,3,2,3,2,2,3,3,3,3,2,2,2,3,2,3,3,3,3,2,3,2,2,3,3,2,3,3,3,2,3,2,3,FBgn0036165,CPTI000318,chrb
2,2,2,3,2,0,3,3,2,2,3,2,2,2,3,2,3,3,3,2,3,3,3,2,3,3,2,3,3,3,2,3,3,3,FBgn0041210,CPTI000077,HDAC4
3,3,3,3,3,2,3,3,3,2,3,3,2,2,3,3,3,3,3,3,3,3,2,3,3,3,2,3,3,2,2,3,3,3,FBgn0020238,CPTI100045,14-3-3epsilon
3,3,3,3,3,2,2,2,2,0,3,3,2,2,2,3,3,3,3,2,2,2,2,3,3,2,3,3,2,3,2,3,2,3,FBgn0031268,CPTI001277,cold
3,3,3,3,3,2,2,3,3,2,2,2,2,2,3,2,3,3,3,3,3,2,3,3,3,3,0,2,3,2,3,3,2,2,FBgn0000017,CPTI000658,Abl
3,3,3,3,3,2,3,2,3,2,2,2,2,2,2,3,2,3,2,3,2,2,2,2,3,3,2,3,3,3,3,2,3,3,FBgn0004456,CPTI001678,Mew
2,2,3,3,2,0,2,3,3,0,2,3,2,2,3,2,3,2,2,2,2,3,3,3,3,2,2,3,3,3,3,3,2,3,FBgn0015229,CPTI000155,glec
3,3,3,2,3,0,2,3,3,2,3,2,2,2,3,2,2,3,2,3,3,3,2,0,2,2,2,2,3,2,2,2,3,3,FBgn0035533,CPTI003231,Cip4
3,3,3,2,2,2,2,3,3,2,2,2,2,2,3,2,2,2,3,3,2,3,2,2,3,3,2,2,3,3,3,3,3,3,FBgn0261278,CPTI000640,grp
3,3,3,3,2,2,2,2,3,2,2,3,2,2,3,2,2,3,2,2,2,3,2,3,3,3,3,3,2,3,3,2,3,3,FBgn0011592,CPTI001309,fra
3,3,3,3,3,2,0,3,3,2,2,3,2,2,2,2,3,3,2,3,2,3,2,3,2,2,3,2,3,2,3,3,3,3,FBgn0264607,CPTI000944,CaMKII
3,2,3,3,3,3,3,3,3,2,3,3,2,2,3,2,3,2,3,3,2,3,0,3,3,3,2,3,3,2,2,3,3,3,FBgn0004868,CPTI001693,Gdi
3,3,2,3,2,2,2,3,3,2,3,2,2,2,2,2,2,2,2,2,0,2,3,3,2,2,2,2,3,2,2,2,2,2,FBgn0001145,CPTI001918,Gs2
3,3,2,2,2,2,3,2,3,2,3,2,3,3,3,2,2,2,3,2,2,3,2,3,2,3,2,2,3,3,2,3,3,2,FBgn0036449,CPTI000472,bmm
3,3,3,3,3,2,3,3,3,0,2,3,2,2,3,2,3,3,3,2,2,2,2,2,2,3,3,3,3,2,2,3,2,3,FBgn0039882,CPTI002646,CG11576
2,2,2,3,3,3,3,3,3,2,3,3,2,2,3,2,2,2,2,3,3,3,2,3,3,3,2,3,3,3,3,3,2,3,FBgn0259212,CPTI000590,cno
3,3,2,3,3,2,3,2,2,2,2,2,2,3,2,2,2,2,3,2,2,3,3,3,2,3,3,2,3,2,3,2,2,2,FBgn0030521,CPTI002807,CtsB
3,3,3,2,3,3,2,3,3,2,3,2,3,3,2,2,2,2,3,3,2,2,0,2,3,2,2,3,3,3,2,3,2,3,FBgn0026533,CPTI000365,Dek
3,2,3,3,3,2,3,3,3,2,3,3,2,2,2,2,3,2,3,3,3,3,2,0,3,2,3,2,3,3,0,2,2,0,FBgn0032409,CPTI000286,Ced-12
3,3,3,3,3,2,3,2,2,2,2,3,3,2,3,2,2,2,3,2,2,3,3,3,3,3,2,3,3,3,2,2,2,2,FBgn0001098,CPTI001709,Gdh
3,3,2,3,2,0,3,2,2,0,3,3,2,2,2,2,2,2,3,3,2,3,3,3,3,2,3,3,2,3,2,2,3,3,FBgn0001215,CPTI003669,Hrb98DE
2,2,2,2,2,2,2,3,3,2,2,3,2,2,3,3,2,2,3,2,2,3,2,3,3,3,2,3,3,2,2,3,3,3,FBgn0000711,CPTI002264,flw
3,2,3,3,3,0,2,3,2,2,3,2,2,2,2,3,2,2,3,2,2,2,3,3,3,2,0,2,3,2,2,3,3,2,FBgn0020443,CPTI000609,Elf
3,2,3,3,2,0,2,2,2,0,3,3,2,2,3,3,2,2,3,2,3,2,2,2,3,3,3,2,3,3,2,3,3,2,FBgn0027087,CPTI003426,Aats-his
3,2,3,3,3,2,2,3,3,2,2,3,2,2,3,2,2,2,3,2,3,2,2,3,2,2,2,3,3,3,2,3,3,3,FBgn0250823,CPTI002023,Gish
3,3,3,3,3,3,0,3,2,0,3,2,3,3,2,2,3,2,3,2,3,3,0,2,3,2,2,2,2,2,3,3,3,3,FBgn0004167,CPTI001728,kst
2,3,2,3,3,0,3,3,2,2,2,3,2,2,2,2,3,3,3,3,3,2,3,2,2,2,3,3,3,2,2,3,2,3,FBgn0005671,CPTI002645,Vha55
3,2,2,2,3,0,2,3,3,2,3,3,2,2,2,2,2,3,2,2,2,3,2,0,2,2,2,3,2,2,3,3,3,3,FBgn0021764,CPTI000337,sdk
2,3,3,2,3,2,2,3,3,2,2,3,2,2,3,2,3,3,2,3,3,3,2,0,2,3,2,2,3,2,2,3,3,3,FBgn0045823,CPTI001718,vsg
3,2,2,0,3,3,2,2,3,2,2,2,2,2,3,3,2,2,3,2,2,3,3,0,3,3,2,3,2,3,3,2,3,3,FBgn0010238,CPTI002408,Lac
0,3,2,2,3,0,2,2,3,0,3,2,2,2,3,2,3,3,2,3,3,3,2,3,2,3,3,2,3,2,2,3,2,3,FBgn0026418,CPTI002201,Hsc70Cb
2,3,3,0,2,2,2,2,3,3,3,3,3,2,2,3,3,3,3,3,2,3,2,3,3,3,2,3,3,3,2,3,3,3,FBgn0001250,CPTI004152,if
3,2,3,3,3,2,3,3,3,0,3,3,2,2,3,3,2,3,3,2,3,2,0,0,2,2,0,3,2,2,2,3,2,3,FBgn0015790,CPTI100051,Rab11
3,2,2,3,2,0,2,3,3,2,3,2,2,2,3,2,3,3,3,3,2,3,3,2,2,3,2,2,3,2,3,3,3,3,FBgn0016685,CPTI003532,Nlp
2,3,2,3,3,3,3,3,3,3,3,2,2,2,3,2,3,3,3,3,3,3,2,3,3,2,2,3,3,3,2,3,3,3,FBgn0265523,CPTI001328,Smr
3,2,2,3,3,2,3,3,2,2,3,2,3,3,3,2,2,3,3,2,2,3,3,3,3,2,2,2,3,3,2,3,3,3,FBgn0264307,CPTI004362,orb2
3,3,3,3,3,3,3,3,3,3,3,3,2,2,3,3,3,3,3,2,3,2,3,3,2,3,3,3,2,2,2,3,3,2,FBgn0005777,CPTI001194,PpD3
3,3,2,3,3,3,3,3,2,3,3,3,3,3,2,3,3,3,3,3,3,3,2,3,3,3,3,3,3,3,2,3,3,2,FBgn0028327,CPTI000633,l(1)G0320
2,2,2,3,2,2,2,3,3,2,2,2,2,2,3,3,3,2,2,3,3,3,3,2,3,2,3,2,2,3,2,3,2,3,FBgn0004839,CPTI000252,otk
0,2,3,2,2,2,2,3,3,0,2,2,2,2,3,2,3,3,2,3,3,2,2,3,3,3,3,2,3,3,2,3,2,3,FBgn0036213,CPTI003957,RpL10Ab
3,3,3,3,3,2,3,3,3,0,2,2,2,2,3,2,2,2,2,2,3,2,3,3,3,2,3,3,2,3,2,3,3,3,FBgn0261617,CPTI000727,nej
2,2,3,3,3,2,3,3,3,2,3,2,2,2,3,3,2,2,3,3,2,2,3,3,2,2,3,3,3,3,2,2,3,2,FBgn0030400,CPTI001659,Pits
3,3,3,2,3,2,3,3,3,2,3,3,2,2,3,2,3,3,3,3,3,3,2,2,2,2,2,3,3,3,2,3,3,3,FBgn0022986,CPTI002103,qkr58E-1
2,3,3,2,2,2,3,2,3,0,3,3,2,2,3,2,2,3,2,2,2,3,3,2,3,3,3,3,3,3,2,2,2,3,FBgn0015513,CPTI000332,mbc
2,2,2,3,2,2,2,3,3,2,3,3,2,2,2,2,3,2,3,3,2,2,0,3,3,2,2,3,3,3,3,3,3,3,FBgn0001235,CPTI003745,hth
2,3,3,2,2,0,3,3,2,2,2,2,2,2,2,2,3,3,3,3,2,3,3,2,2,3,2,3,3,2,3,2,2,3,FBgn0037707,CPTI004189,RnpS1
3,3,2,3,3,3,3,3,3,3,3,3,2,2,3,3,2,3,2,3,3,2,2,3,3,3,2,2,3,3,2,2,2,3,FBgn0032949,CPTI001775,Lamp
3,3,2,3,2,0,2,3,2,0,3,2,2,2,3,2,3,3,3,3,3,3,3,2,3,3,2,3,2,3,2,3,3,2,FBgn0261618,CPTI003605,larp
3,3,2,3,2,2,2,3,3,2,2,3,2,2,2,2,2,2,2,2,2,3,3,2,3,3,3,3,3,3,2,2,3,2,FBgn0040207,CPTI001430,kat80
2,3,3,3,3,0,2,3,3,3,2,2,2,2,3,2,3,3,2,3,3,3,3,3,3,2,3,3,3,3,2,3,3,3,FBgn0085451,CPTI000739,htk
3,3,2,3,3,2,3,2,3,2,2,3,2,2,3,2,3,3,3,3,2,3,3,3,3,3,2,3,2,2,2,3,3,3,FBgn0284408,CPTI002049,trol
3,3,3,3,2,2,2,2,2,2,2,3,2,2,3,2,2,2,3,2,2,3,2,3,2,2,2,3,3,3,2,3,3,3,FBgn0011725,CPTI000371,twin
3,3,3,3,3,0,3,3,2,2,2,2,2,2,3,3,2,3,3,3,3,3,2,3,3,2,3,3,3,3,2,2,2,3,FBgn0016977,CPTI001595,spen
3,3,3,3,3,2,2,3,3,0,2,3,2,2,3,3,3,3,2,3,2,2,2,2,2,3,2,2,2,2,2,3,3,2,FBgn0082582,CPTI002889,tmod
2,2,2,3,3,0,2,2,3,2,3,2,2,2,3,2,3,3,2,3,3,2,0,3,3,2,0,3,3,3,2,3,3,3,FBgn0051363,CPTI003917,Jupiter
2,3,3,2,3,0,2,3,2,0,3,2,2,2,3,3,3,2,2,3,2,3,3,2,3,2,3,3,2,3,2,2,2,3,FBgn0023215,CPTI001879,Mnt
3,3,3,3,3,2,3,3,3,2,3,3,2,2,3,2,3,2,2,3,2,2,2,3,3,2,3,3,3,3,3,3,3,3,FBgn0283521,CPTI000190,lola
2,3,3,3,3,0,3,3,3,2,2,3,2,2,3,2,2,2,3,2,3,2,0,0,2,3,2,3,2,2,2,3,3,3,FBgn0003676,CPTI000037,T-cp1
2,3,3,3,3,3,2,2,3,2,0,3,2,2,2,2,2,2,3,2,2,2,3,3,3,3,2,2,3,3,2,3,3,3,FBgn0265140,CPTI001259,Neu3
3,3,3,3,3,2,3,3,3,2,3,2,2,2,2,2,2,2,3,2,2,2,2,3,3,3,2,3,3,3,2,2,2,3,FBgn0031990,CPTI100044,PAPLA1
3,3,3,3,3,2,2,2,2,2,2,3,2,2,3,2,3,3,3,3,2,2,2,2,3,2,2,2,3,3,2,3,3,3,FBgn0285937,CPTI004394,Rab1
3,3,2,3,2,2,3,3,3,2,2,3,2,2,3,2,3,3,3,2,2,2,3,3,3,2,3,3,3,3,2,3,2,3,FBgn0004647,CPTI000433,N
2,3,3,3,2,3,2,3,3,3,2,2,3,2,3,3,3,3,3,3,3,3,2,2,3,3,2,3,2,2,2,3,3,3,FBgn0003261,CPTI004179,Rm62
3,3,3,3,3,3,2,3,3,2,3,3,2,2,3,2,3,3,3,3,3,3,0,3,3,2,2,3,3,3,3,2,3,3,FBgn0263396,CPTI000239,sqd
3,2,3,3,3,0,2,3,2,2,3,3,2,2,3,2,3,2,3,3,2,3,2,3,3,3,2,3,3,2,2,2,3,3,FBgn0022382,CPTI001580,Pka-R2
3,3,3,3,3,2,3,3,3,2,2,3,2,2,3,2,3,2,3,2,2,3,0,3,3,2,2,3,3,3,2,3,3,3,FBgn0023167,CPTI100043,SmD3
3,3,2,3,2,2,2,3,2,2,2,2,2,2,2,3,2,2,2,2,2,2,3,3,2,2,2,3,2,2,2,2,2,0,FBgn0015774,CPTI000748,NetB
3,2,3,3,3,0,3,3,3,2,3,2,2,2,3,2,3,2,3,3,2,3,2,0,2,3,2,2,2,2,3,3,3,3,FBgn0010415,CPTI002578,sdc
3,3,3,2,3,2,2,3,3,2,3,3,2,2,2,2,3,3,2,2,3,2,2,2,3,2,3,3,2,3,2,3,3,3,FBgn0003041,CPTI000850,pbl
3,2,3,3,3,2,2,3,3,2,2,2,2,2,2,2,3,3,3,3,2,2,2,3,2,3,3,2,2,3,3,2,3,2,FBgn0266579,CPTI000194,tau
3,2,2,3,2,0,2,2,3,0,3,2,2,2,3,3,3,3,3,3,3,3,2,2,2,2,2,2,3,2,2,3,2,3,FBgn0262559,CPTI002315,mdh2
3,3,3,3,3,2,2,2,2,3,2,2,2,2,2,2,2,3,3,2,2,2,2,3,3,3,2,3,3,2,2,3,3,3,FBgn0004227,CPTI003091,nonA
3,2,2,3,2,2,2,3,3,0,3,3,2,2,3,2,2,2,3,2,2,2,3,2,3,2,3,3,2,3,2,2,2,3,FBgn0031294,CPTI100013,ia2
3,2,3,3,2,2,2,3,3,2,2,3,2,2,3,2,2,2,3,2,2,3,3,3,3,3,3,3,2,2,2,3,3,3,FBgn0013997,CPTI001977,Nrx-IV
2,3,2,3,3,2,2,2,3,2,2,3,2,2,3,2,2,3,2,2,2,2,2,2,3,2,3,2,3,3,3,3,2,3,FBgn0003716,CPTI002487,tkv
3,2,3,3,3,2,3,3,3,0,2,3,2,2,3,2,3,2,3,3,2,3,3,3,2,3,2,3,3,2,3,3,3,3,FBgn0264975,CPTI001714,Nrg
2,2,2,3,2,2,2,3,3,2,2,3,2,2,3,2,2,2,3,2,2,2,3,2,2,2,3,2,3,3,2,3,3,3,FBgn0266521,CPTI001234,stai
3,2,3,3,2,2,2,2,3,2,2,3,2,2,3,2,3,2,3,3,2,2,2,3,2,3,2,3,3,2,3,2,2,3,FBgn0003721,CPTI000760,Tm1
2,3,3,0,3,3,2,2,3,2,3,3,2,2,3,3,3,3,3,3,2,3,0,2,2,2,2,2,2,2,3,3,3,3,FBgn0013733,CPTI001962,shot
3,3,3,3,3,2,3,3,2,0,3,3,2,2,3,2,2,2,2,3,2,2,3,3,2,3,3,3,3,2,3,2,2,2,FBgn0015776,CPTI000925,nrv1
3,3,2,3,2,0,3,2,2,2,2,2,2,3,3,2,3,3,3,2,3,3,0,3,3,2,3,3,3,3,2,3,3,2,FBgn0267376,CPTI001015,SelR
3,3,3,2,3,2,3,3,3,2,2,3,2,2,2,3,3,2,2,3,3,2,2,3,3,3,2,3,3,2,2,2,2,3,FBgn0014007,CPTI001880,Ptp69D
2,3,3,2,3,3,3,3,3,2,2,3,2,2,3,3,3,3,3,2,3,2,2,0,3,2,3,3,3,3,2,3,3,3,FBgn0263391,CPTI001589,hts
2,3,3,3,2,0,2,2,2,0,2,2,2,2,2,2,2,2,3,3,3,3,0,3,3,2,3,2,3,2,0,2,2,0,FBgn0037110,CPTI002636,ORMDL
3,3,2,3,3,0,2,3,2,2,2,2,2,2,3,2,3,2,3,3,3,3,3,2,3,2,2,3,3,3,2,3,3,3,FBgn0037073,CPTI000765,tsr1
2,3,3,3,2,0,2,2,3,0,2,3,2,2,3,2,2,2,3,2,3,3,2,2,3,3,0,2,3,3,2,2,3,2,FBgn0028341,CPTI002750,Ptpmeg2
3,3,2,3,2,2,3,2,2,2,2,2,2,2,2,2,3,3,3,3,2,2,3,3,3,3,3,3,3,3,2,3,3,2,FBgn0010316,CPTI001658,dap
2,3,3,3,3,3,3,3,3,3,2,2,2,2,3,2,3,2,3,3,3,3,3,3,3,3,3,3,2,2,3,3,2,3,FBgn0000392,CPTI001409,cup
2,2,3,2,2,2,0,2,2,2,2,3,2,2,2,3,3,2,3,3,2,3,2,3,2,3,2,2,2,2,3,3,3,2,FBgn0001987,CPTI002805,Gli
3,3,3,3,2,2,2,2,2,2,3,2,3,3,2,3,2,2,3,3,2,2,2,3,2,3,2,3,3,2,2,3,3,2,FBgn0033446,CPTI100012,CG1648
3,3,3,3,3,2,2,3,3,2,3,2,2,2,3,2,2,3,3,3,3,3,2,2,3,2,2,2,3,2,2,3,3,3,FBgn0000253,CPTI001284,Cam
3,3,2,3,2,3,2,3,3,3,2,3,2,2,3,3,3,3,3,3,3,3,2,3,2,2,2,2,3,2,2,3,3,3,FBgn0263594,CPTI002437,growl
3,2,2,3,3,2,3,3,3,0,2,3,2,2,2,2,2,3,3,3,2,2,2,3,3,2,2,2,3,3,3,3,2,2,FBgn0027356,CPTI002789,Amph
2,3,2,2,3,3,2,3,3,3,3,3,2,3,2,3,3,3,3,2,3,3,3,2,3,3,3,3,3,3,2,3,3,3,FBgn0034075,CPTI001828,Asph
3,3,3,3,3,3,2,2,3,2,3,3,2,3,3,3,3,3,3,3,2,3,2,2,3,3,2,3,3,3,3,3,3,2,FBgn0263037,CPTI003732,CG43332
2,2,2,3,3,3,3,3,3,3,3,2,2,3,3,3,3,3,3,3,2,3,3,2,3,3,3,3,3,3,2,3,3,2,FBgn0015221,CPTI100064,Fer2LCH
3,3,3,2,2,2,3,2,2,3,2,3,2,2,2,3,3,3,2,3,2,3,2,3,3,2,3,3,2,3,3,3,3,3,FBgn0024989,CPTI001997,CG3777
2,3,3,3,3,2,2,3,3,2,2,3,2,2,3,3,3,3,3,3,3,3,3,3,3,3,2,3,3,3,2,3,2,3,FBgn0030478,CPTI002793,CG1640
3,2,3,3,2,3,2,3,3,2,3,3,2,2,2,2,3,2,3,3,2,3,2,2,2,2,2,3,3,2,3,3,3,3,FBgn0027598,CPTI002324,cindr
3,3,3,3,3,0,2,2,3,2,3,2,2,3,3,3,3,3,2,3,3,2,3,2,3,3,2,3,3,3,2,2,3,3,FBgn0000261,CPTI002786,Cat
3,3,3,3,2,0,2,3,2,2,2,2,2,2,3,2,2,2,3,2,2,3,2,3,3,3,3,3,3,3,2,2,3,2,FBgn0000183,CPTI003522,BicD
3,3,3,3,3,2,2,3,2,2,2,3,3,3,3,3,3,3,3,3,3,3,3,3,2,3,3,2,3,2,2,3,3,2,FBgn0052685,CPTI004292,Zap3
3,3,2,3,2,2,3,3,3,2,3,2,2,2,3,3,3,3,2,3,3,2,2,3,2,3,3,2,3,2,2,3,3,3,FBgn0035397,CPTI000836,CG11486
3,3,3,3,2,2,3,3,2,2,3,3,2,2,3,3,2,2,3,2,2,2,2,2,2,3,2,3,3,3,0,2,2,0,FBgn0027529,CPTI000298,tapas
3,2,2,3,3,0,2,2,3,2,2,3,2,3,2,3,2,2,2,2,3,2,2,2,2,3,2,3,3,3,0,2,3,0,FBgn0261722,CPTI000736,CG6151
3,3,2,3,3,2,3,2,2,2,2,3,2,2,3,3,2,2,3,2,3,3,3,2,3,3,2,3,2,3,3,2,2,2,FBgn0041605,CPTI001473,cpx
3,3,2,3,3,2,3,3,3,2,3,3,2,3,3,2,2,2,3,2,3,3,2,3,2,3,0,2,3,2,2,3,3,2,FBgn0263997,CPTI001056,CG15307
3,3,2,2,3,0,3,2,3,2,3,3,2,2,3,3,2,2,2,3,2,3,3,3,3,3,3,3,2,3,3,2,2,3,FBgn0039348,CPTI002772,CG4673
2,3,2,3,3,3,2,3,3,3,3,2,2,2,3,3,3,3,2,3,3,2,3,3,3,2,2,3,2,3,2,3,2,3,FBgn0031883,CPTI002939,Caper
2,2,3,3,3,2,3,3,2,2,2,3,2,2,2,3,2,3,3,2,3,3,3,2,3,2,3,3,2,3,2,3,3,2,FBgn0016797,CPTI003490,fz2
2,3,3,3,3,0,3,2,3,2,2,3,2,2,2,2,3,2,2,3,2,2,3,3,3,3,3,3,3,2,2,3,2,0,FBgn0031307,CPTI002305,CG4726
0,3,3,3,2,2,3,3,3,2,2,2,2,2,3,2,3,3,2,3,3,2,2,3,2,2,3,3,2,3,2,3,3,3,FBgn0052062,CPTI003100,CG32062
3,3,3,3,3,3,3,3,2,2,2,2,2,2,3,2,2,2,3,2,2,3,0,2,3,3,2,3,3,3,2,3,3,3,FBgn0053293,CPTI003173,CG12163
0,2,2,3,3,2,2,3,3,2,2,3,2,2,2,3,3,2,3,2,3,2,3,3,3,3,3,3,2,3,2,3,2,3,FBgn0259735,CPTI001586,CG31738
2,3,2,3,2,2,2,3,3,0,2,2,2,2,2,2,2,3,3,3,3,2,3,3,3,2,3,3,2,3,0,3,2,3,FBgn0052479,CPTI001308,Usp10
2,2,3,3,3,0,3,3,3,0,2,3,2,2,2,2,2,2,2,2,2,3,2,2,2,3,0,3,2,3,3,2,3,3,FBgn0002921,CPTI002761,Atpalpha
2,2,2,3,3,0,2,3,3,2,3,3,2,2,3,3,3,3,3,3,2,3,2,3,3,3,2,2,3,2,2,3,2,3,FBgn0051694,CPTI001771,CG31694
3,2,2,3,3,2,2,3,3,2,2,3,2,2,3,2,3,3,3,3,2,2,3,3,3,3,2,3,2,3,3,3,3,3,FBgn0261988,CPTI002085,Gprk2
2,3,3,2,2,2,3,3,3,2,2,2,3,3,3,2,3,3,3,2,2,2,2,3,2,2,3,3,3,2,2,3,3,3,FBgn0000097,CPTI000876,aop
3,3,3,3,3,0,2,2,3,2,3,3,2,2,3,2,3,3,3,3,2,2,2,2,2,2,3,2,3,3,2,3,3,3,FBgn0010905,CPTI001457,Spn
3,3,3,3,2,0,2,3,3,2,2,3,2,2,2,2,3,3,3,3,3,3,3,2,3,2,2,3,2,3,2,3,3,3,FBgn0259984,CPTI000031,kuz
2,3,3,2,3,0,0,2,2,0,3,3,2,2,3,2,3,2,3,3,3,3,2,2,3,2,2,3,3,3,2,2,3,2,FBgn0259143,CPTI003923,CG42258
3,3,3,3,3,3,3,3,2,3,3,3,2,3,2,3,3,3,3,3,3,3,3,2,3,3,2,2,3,3,2,3,3,2,FBgn0266098,CPTI003323,rg
2,2,3,2,3,3,2,3,3,2,2,3,2,2,3,2,3,2,3,3,3,2,3,2,3,2,2,3,2,3,2,3,2,3,FBgn0261885,CPTI003089,osa
2,2,2,2,3,2,2,2,3,0,3,3,2,2,3,3,2,2,2,3,3,2,0,3,2,2,3,2,3,2,2,3,3,3,FBgn0265434,CPTI002907,zip
2,3,2,0,3,2,3,3,3,3,2,0,2,2,2,0,3,2,2,3,3,3,3,2,3,2,3,3,3,3,3,3,3,3,FBgn0003371,CPTI000023,Sgg
3,3,3,3,3,3,2,2,2,2,2,2,2,2,3,3,2,2,3,3,3,3,2,2,2,2,2,3,3,3,2,2,3,3,FBgn0011763,CPTI001769,dp
3,3,3,3,3,2,3,3,3,0,3,3,2,2,3,3,3,3,2,2,2,3,3,2,3,3,2,3,3,3,3,3,3,2,FBgn0026250,CPTI002562,eIF-1A
3,3,2,3,3,2,0,3,3,2,3,2,2,2,3,2,3,3,2,3,3,2,2,2,2,3,2,3,3,3,2,3,3,3,FBgn0023509,CPTI003151,mip130
2,3,3,3,3,2,3,2,2,0,3,2,2,2,2,2,3,2,3,3,2,2,2,2,2,3,2,3,2,3,3,3,3,3,FBgn0003435,CPTI002828,sm
3,3,3,3,3,2,2,3,3,2,2,3,2,2,3,2,3,3,3,3,2,3,3,3,3,2,3,3,2,2,3,2,2,3,FBgn0260003,CPTI003818,Dys
3,3,3,3,3,2,3,3,3,2,2,3,2,2,3,3,2,3,2,2,3,3,3,3,2,2,2,2,3,2,2,3,3,3,FBgn0041789,CPTI000161,Pax
2,2,2,3,3,2,3,3,3,2,2,3,2,2,0,2,2,3,3,3,3,3,2,3,3,2,3,3,2,2,3,3,2,3,FBgn0015773,CPTI002152,NetA
3,2,2,3,3,2,2,3,3,2,2,3,2,2,3,2,2,3,3,3,2,3,2,2,3,2,2,2,2,3,2,3,3,3,FBgn0000117,CPTI001198,arm
3,3,3,3,3,0,2,2,3,0,2,2,2,2,3,3,3,2,2,3,3,2,2,3,3,2,3,3,3,3,2,2,3,3,FBgn0022960,CPTI002285,vimar
3,3,3,3,2,2,3,2,2,2,3,3,3,3,3,3,2,2,3,2,2,3,0,0,3,3,2,3,2,2,2,2,2,2,FBgn0259176,CPTI004166,bun
3,3,2,2,2,0,2,2,2,0,3,3,3,3,2,3,2,2,3,3,0,2,0,2,2,2,2,2,2,2,3,3,3,3,FBgn0000636,CPTI000833,Fas3
3,3,2,3,3,3,3,3,3,3,2,2,2,2,2,2,3,3,3,3,3,3,0,2,2,3,2,3,2,3,2,2,2,2,FBgn0029687,CPTI002292,Vap-33-1
3,3,2,3,2,3,2,3,3,2,2,2,2,2,2,2,3,3,2,3,2,3,2,3,3,3,3,3,3,3,2,3,2,3,FBgn0010217,CPTI000877,ATPsyn-beta
3,3,3,2,3,0,2,3,3,0,3,3,2,2,3,2,3,2,2,3,3,2,3,2,3,3,2,3,2,2,2,3,3,2,FBgn0261822,CPTI100062,Bsg
3,2,3,3,3,2,3,2,2,2,3,2,2,2,2,3,3,2,3,2,2,3,2,2,2,2,2,2,3,2,2,2,3,3,FBgn0263930,CPTI001039,dally
3,2,2,2,3,2,3,3,3,2,2,3,2,2,3,3,2,2,3,3,3,2,0,2,3,3,2,2,3,3,2,2,2,3,FBgn0004177,CPTI003684,mts
3,3,3,3,2,3,3,2,3,3,2,2,2,2,3,3,2,3,3,2,3,2,3,2,2,3,3,3,3,2,2,3,2,3,FBgn0286818,CPTI000688,Pdi
2,2,2,2,3,2,3,2,3,2,2,3,2,2,3,2,3,3,3,3,2,3,3,3,3,3,2,3,3,3,3,3,3,3,FBgn0001624,CPTI000207,dlg1
2,3,3,3,3,2,3,3,3,0,2,2,2,2,3,3,3,2,3,2,3,3,3,3,3,2,2,3,3,3,2,3,3,2,FBgn0261552,CPTI001261,ps
2,3,3,3,3,2,2,3,3,2,3,2,2,2,3,3,3,3,2,3,2,2,3,3,3,3,2,2,3,3,2,3,3,3,FBgn0015222,CPTI000038,Fer1HCH
3,3,3,3,3,3,2,3,3,3,3,2,2,2,3,2,3,3,2,3,3,2,0,3,3,3,3,3,2,3,3,3,3,3,FBgn0034282,CPTI003020,Mapmodulin
2,3,3,3,3,3,3,2,3,2,3,3,2,2,2,2,3,3,2,3,3,2,3,3,3,3,2,3,2,2,2,3,2,3,FBgn0004924,CPTI002927,Top1
